{
    "$schema": "https://schema.management.azure.com/schemas/2015-01-01/deploymentTemplate.json#",
    "contentVersion": "1.0.0.0",
    "parameters": {
        "channels_WebChatChannel_enablePreview": {
            "type": "Bool"
        },
        "botServices_axolotlteam_education_bot_name": {
            "defaultValue": "axolotlteam-education-bot",
            "type": "String"
        }
    },
    "variables": {},
    "resources": [
        {
            "type": "Microsoft.BotService/botServices",
            "apiVersion": "2020-06-02",
            "name": "[parameters('botServices_axolotlteam_education_bot_name')]",
            "location": "global",
            "sku": {
                "name": "F0"
            },
            "kind": "sdk",
            "properties": {
                "displayName": "Ajolotito",
                "iconUrl": "[concat('//bot-framework.azureedge.net/bot-icons-v1/', parameters('botServices_axolotlteam_education_bot_name'), '_6KxFUT6nQ94s4Lt56fF4r3TG6k57Gf10rCFCbnFEkrRBIN.png')]",
                "endpoint": "[concat('https://', parameters('botServices_axolotlteam_education_bot_name'), '.azurewebsites.net/api/messages')]",
                "msaAppId": "1ee34c5d-1847-48f4-a03f-291b751a1c68",
                "luisAppIds": [],
                "isCmekEnabled": false
            }
        },
        {
            "type": "Microsoft.BotService/botServices/channels",
            "apiVersion": "2020-06-02",
            "name": "[concat(parameters('botServices_axolotlteam_education_bot_name'), '/WebChatChannel')]",
            "location": "global",
            "dependsOn": [
                "[resourceId('Microsoft.BotService/botServices', parameters('botServices_axolotlteam_education_bot_name'))]"
            ],
            "properties": {
                "properties": {
                    "sites": [
                        {
                            "siteName": "Default Site",
                            "isEnabled": true,
                            "enablePreview": "[parameters('channels_WebChatChannel_enablePreview')]"
                        }
                    ]
                },
                "channelName": "WebChatChannel"
            }
        }
    ]
}